{
  "dataset": "amazon",
  "timestamp": "20260402_010938",
  "results": {
    "1-hop": {
      "node_centric": {
        "Hit@1": 0.89,
        "Hit@5": 0.965,
        "Hit@10": 0.97,
        "MRR": 0.9230833333333334
      },
      "path_centric": {
        "Hit@1": 0.89,
        "Hit@5": 0.965,
        "Hit@10": 0.975,
        "MRR": 0.9239166666666666
      },
      "subgraph_centric": {
        "Hit@1": 0.89,
        "Hit@5": 0.97,
        "Hit@10": 0.985,
        "MRR": 0.9257638888888888
      },
      "hybrid_mor": {
        "Hit@1": 0.89,
        "Hit@5": 0.97,
        "Hit@10": 0.975,
        "MRR": 0.9245833333333333
      }
    },
    "2-hop": {
      "node_centric": {
        "Hit@1": 0.005,
        "Hit@5": 0.445,
        "Hit@10": 0.58,
        "MRR": 0.1961190476190476
      },
      "path_centric": {
        "Hit@1": 0.005,
        "Hit@5": 0.445,
        "Hit@10": 0.465,
        "MRR": 0.18191666666666667
      },
      "subgraph_centric": {
        "Hit@1": 0.005,
        "Hit@5": 0.38,
        "Hit@10": 0.39,
        "MRR": 0.16488095238095238
      },
      "hybrid_mor": {
        "Hit@1": 0.0,
        "Hit@5": 0.45,
        "Hit@10": 0.575,
        "MRR": 0.19267063492063494
      }
    },
    "3-hop": {
      "node_centric": {
        "Hit@1": 0.0,
        "Hit@5": 0.295,
        "Hit@10": 0.385,
        "MRR": 0.12657738095238094
      },
      "path_centric": {
        "Hit@1": 0.0,
        "Hit@5": 0.295,
        "Hit@10": 0.32,
        "MRR": 0.11933333333333332
      },
      "subgraph_centric": {
        "Hit@1": 0.0,
        "Hit@5": 0.245,
        "Hit@10": 0.28,
        "MRR": 0.10933333333333334
      },
      "hybrid_mor": {
        "Hit@1": 0.0,
        "Hit@5": 0.275,
        "Hit@10": 0.39,
        "MRR": 0.12546825396825395
      }
    },
    "4-hop": {
      "node_centric": {
        "Hit@1": 0.0,
        "Hit@5": 0.275,
        "Hit@10": 0.405,
        "MRR": 0.120515873015873
      },
      "path_centric": {
        "Hit@1": 0.0,
        "Hit@5": 0.275,
        "Hit@10": 0.275,
        "MRR": 0.10375
      },
      "subgraph_centric": {
        "Hit@1": 0.0,
        "Hit@5": 0.185,
        "Hit@10": 0.19,
        "MRR": 0.08421428571428571
      },
      "hybrid_mor": {
        "Hit@1": 0.0,
        "Hit@5": 0.265,
        "Hit@10": 0.39,
        "MRR": 0.117390873015873
      }
    },
    "5-hop": {
      "node_centric": {
        "Hit@1": 0.0,
        "Hit@5": 0.24806201550387597,
        "Hit@10": 0.35658914728682173,
        "MRR": 0.11088347483696319
      },
      "path_centric": {
        "Hit@1": 0.0,
        "Hit@5": 0.24806201550387597,
        "Hit@10": 0.24806201550387597,
        "MRR": 0.09728682170542637
      },
      "subgraph_centric": {
        "Hit@1": 0.0,
        "Hit@5": 0.21705426356589147,
        "Hit@10": 0.2248062015503876,
        "MRR": 0.09237726098191214
      },
      "hybrid_mor": {
        "Hit@1": 0.0,
        "Hit@5": 0.24806201550387597,
        "Hit@10": 0.3333333333333333,
        "MRR": 0.10847176079734219
      }
    },
    "6+-hop": {
      "node_centric": {
        "Hit@1": 0.0,
        "Hit@5": 0.22330097087378642,
        "Hit@10": 0.3592233009708738,
        "MRR": 0.10488904299583912
      },
      "path_centric": {
        "Hit@1": 0.0,
        "Hit@5": 0.22330097087378642,
        "Hit@10": 0.23300970873786409,
        "MRR": 0.08892741562644475
      },
      "subgraph_centric": {
        "Hit@1": 0.0,
        "Hit@5": 0.1941747572815534,
        "Hit@10": 0.1941747572815534,
        "MRR": 0.08171521035598706
      },
      "hybrid_mor": {
        "Hit@1": 0.0,
        "Hit@5": 0.21359223300970873,
        "Hit@10": 0.34951456310679613,
        "MRR": 0.10173755586376947
      }
    }
  }
}