{
  "dataset": "prime",
  "n_samples": 100,
  "ablations": {
    "QCTR (full)": {
      "config": {
        "scoring_mode": "learned",
        "use_edge_types": true,
        "beam_width": 10,
        "max_hops": 4
      },
      "results": {
        "1-hop": {
          "Hit@1": 0.05,
          "Hit@5": 0.14,
          "Hit@10": 0.18,
          "MRR": 0.0907063492063492,
          "n": 100
        },
        "2-hop": {
          "Hit@1": 0.02,
          "Hit@5": 0.07,
          "Hit@10": 0.08,
          "MRR": 0.036083333333333335,
          "n": 100
        },
        "3-hop": {
          "Hit@1": 0.05,
          "Hit@5": 0.08,
          "Hit@10": 0.12,
          "MRR": 0.06415079365079364,
          "n": 100
        },
        "4-hop": {
          "Hit@1": 0.02,
          "Hit@5": 0.12,
          "Hit@10": 0.15,
          "MRR": 0.053345238095238084,
          "n": 100
        },
        "5-hop": {
          "Hit@1": 0.0,
          "Hit@5": 0.0,
          "Hit@10": 0.0,
          "MRR": 0.0,
          "n": 100
        },
        "6+-hop": {
          "Hit@1": 0.0,
          "Hit@5": 0.0,
          "Hit@10": 0.0,
          "MRR": 0.0,
          "n": 100
        }
      }
    },
    "cosine-only beam": {
      "config": {
        "scoring_mode": "cosine",
        "use_edge_types": true,
        "beam_width": 10,
        "max_hops": 4
      },
      "results": {
        "1-hop": {
          "Hit@1": 0.01,
          "Hit@5": 0.02,
          "Hit@10": 0.06,
          "MRR": 0.019722222222222224,
          "n": 100
        },
        "2-hop": {
          "Hit@1": 0.0,
          "Hit@5": 0.06,
          "Hit@10": 0.12,
          "MRR": 0.029896825396825397,
          "n": 100
        },
        "3-hop": {
          "Hit@1": 0.0,
          "Hit@5": 0.06,
          "Hit@10": 0.16,
          "MRR": 0.03290873015873016,
          "n": 100
        },
        "4-hop": {
          "Hit@1": 0.07,
          "Hit@5": 0.12,
          "Hit@10": 0.13,
          "MRR": 0.08694444444444445,
          "n": 100
        },
        "5-hop": {
          "Hit@1": 0.0,
          "Hit@5": 0.0,
          "Hit@10": 0.0,
          "MRR": 0.0,
          "n": 100
        },
        "6+-hop": {
          "Hit@1": 0.0,
          "Hit@5": 0.0,
          "Hit@10": 0.0,
          "MRR": 0.0,
          "n": 100
        }
      }
    },
    "no edge types": {
      "config": {
        "scoring_mode": "learned",
        "use_edge_types": false,
        "beam_width": 10,
        "max_hops": 4
      },
      "results": {
        "1-hop": {
          "Hit@1": 0.3,
          "Hit@5": 0.57,
          "Hit@10": 0.69,
          "MRR": 0.42630158730158735,
          "n": 100
        },
        "2-hop": {
          "Hit@1": 0.0,
          "Hit@5": 0.04,
          "Hit@10": 0.08,
          "MRR": 0.014428571428571426,
          "n": 100
        },
        "3-hop": {
          "Hit@1": 0.0,
          "Hit@5": 0.0,
          "Hit@10": 0.0,
          "MRR": 0.0,
          "n": 100
        },
        "4-hop": {
          "Hit@1": 0.0,
          "Hit@5": 0.0,
          "Hit@10": 0.0,
          "MRR": 0.0,
          "n": 100
        },
        "5-hop": {
          "Hit@1": 0.0,
          "Hit@5": 0.0,
          "Hit@10": 0.0,
          "MRR": 0.0,
          "n": 100
        },
        "6+-hop": {
          "Hit@1": 0.0,
          "Hit@5": 0.0,
          "Hit@10": 0.0,
          "MRR": 0.0,
          "n": 100
        }
      }
    },
    "beam_width=5": {
      "config": {
        "scoring_mode": "learned",
        "use_edge_types": true,
        "beam_width": 5,
        "max_hops": 4
      },
      "results": {
        "1-hop": {
          "Hit@1": 0.06,
          "Hit@5": 0.18,
          "Hit@10": 0.28,
          "MRR": 0.1208452380952381,
          "n": 100
        },
        "2-hop": {
          "Hit@1": 0.02,
          "Hit@5": 0.09,
          "Hit@10": 0.14,
          "MRR": 0.04702380952380952,
          "n": 100
        },
        "3-hop": {
          "Hit@1": 0.05,
          "Hit@5": 0.1,
          "Hit@10": 0.14,
          "MRR": 0.0689563492063492,
          "n": 100
        },
        "4-hop": {
          "Hit@1": 0.01,
          "Hit@5": 0.12,
          "Hit@10": 0.14,
          "MRR": 0.049666666666666665,
          "n": 100
        },
        "5-hop": {
          "Hit@1": 0.0,
          "Hit@5": 0.0,
          "Hit@10": 0.0,
          "MRR": 0.0,
          "n": 100
        },
        "6+-hop": {
          "Hit@1": 0.0,
          "Hit@5": 0.0,
          "Hit@10": 0.0,
          "MRR": 0.0,
          "n": 100
        }
      }
    },
    "beam_width=20": {
      "config": {
        "scoring_mode": "learned",
        "use_edge_types": true,
        "beam_width": 20,
        "max_hops": 4
      },
      "results": {
        "1-hop": {
          "Hit@1": 0.05,
          "Hit@5": 0.12,
          "Hit@10": 0.16,
          "MRR": 0.0841111111111111,
          "n": 100
        },
        "2-hop": {
          "Hit@1": 0.02,
          "Hit@5": 0.07,
          "Hit@10": 0.08,
          "MRR": 0.03626190476190476,
          "n": 100
        },
        "3-hop": {
          "Hit@1": 0.04,
          "Hit@5": 0.06,
          "Hit@10": 0.08,
          "MRR": 0.05309523809523809,
          "n": 100
        },
        "4-hop": {
          "Hit@1": 0.03,
          "Hit@5": 0.1,
          "Hit@10": 0.14,
          "MRR": 0.054678571428571424,
          "n": 100
        },
        "5-hop": {
          "Hit@1": 0.0,
          "Hit@5": 0.0,
          "Hit@10": 0.0,
          "MRR": 0.0,
          "n": 100
        },
        "6+-hop": {
          "Hit@1": 0.0,
          "Hit@5": 0.0,
          "Hit@10": 0.0,
          "MRR": 0.0,
          "n": 100
        }
      }
    },
    "beam_width=30": {
      "config": {
        "scoring_mode": "learned",
        "use_edge_types": true,
        "beam_width": 30,
        "max_hops": 4
      },
      "results": {
        "1-hop": {
          "Hit@1": 0.05,
          "Hit@5": 0.12,
          "Hit@10": 0.16,
          "MRR": 0.08227777777777776,
          "n": 100
        },
        "2-hop": {
          "Hit@1": 0.02,
          "Hit@5": 0.08,
          "Hit@10": 0.08,
          "MRR": 0.03816666666666666,
          "n": 100
        },
        "3-hop": {
          "Hit@1": 0.04,
          "Hit@5": 0.06,
          "Hit@10": 0.08,
          "MRR": 0.05309523809523809,
          "n": 100
        },
        "4-hop": {
          "Hit@1": 0.02,
          "Hit@5": 0.1,
          "Hit@10": 0.14,
          "MRR": 0.04951190476190476,
          "n": 100
        },
        "5-hop": {
          "Hit@1": 0.0,
          "Hit@5": 0.0,
          "Hit@10": 0.0,
          "MRR": 0.0,
          "n": 100
        },
        "6+-hop": {
          "Hit@1": 0.0,
          "Hit@5": 0.0,
          "Hit@10": 0.0,
          "MRR": 0.0,
          "n": 100
        }
      }
    },
    "max_hops=2": {
      "config": {
        "scoring_mode": "learned",
        "use_edge_types": true,
        "beam_width": 10,
        "max_hops": 2
      },
      "results": {
        "1-hop": {
          "Hit@1": 0.1,
          "Hit@5": 0.39,
          "Hit@10": 0.58,
          "MRR": 0.24046428571428574,
          "n": 100
        },
        "2-hop": {
          "Hit@1": 0.05,
          "Hit@5": 0.17,
          "Hit@10": 0.26,
          "MRR": 0.11246428571428572,
          "n": 100
        },
        "3-hop": {
          "Hit@1": 0.0,
          "Hit@5": 0.0,
          "Hit@10": 0.0,
          "MRR": 0.0,
          "n": 100
        },
        "4-hop": {
          "Hit@1": 0.0,
          "Hit@5": 0.0,
          "Hit@10": 0.0,
          "MRR": 0.0,
          "n": 100
        },
        "5-hop": {
          "Hit@1": 0.0,
          "Hit@5": 0.0,
          "Hit@10": 0.0,
          "MRR": 0.0,
          "n": 100
        },
        "6+-hop": {
          "Hit@1": 0.0,
          "Hit@5": 0.0,
          "Hit@10": 0.0,
          "MRR": 0.0,
          "n": 100
        }
      }
    },