{
  "dataset": "prime",
  "timestamp": "20260401_083325",
  "results": {
    "1-hop": {
      "node_centric": {
        "Hit@1": 0.4,
        "Hit@5": 0.5,
        "Hit@10": 0.5666666666666667,
        "MRR": 0.44583333333333336,
        "n": 30,
        "time_s": 2.3
      },
      "path_centric": {
        "Hit@1": 0.3333333333333333,
        "Hit@5": 0.7333333333333333,
        "Hit@10": 0.7333333333333333,
        "MRR": 0.46777777777777774,
        "n": 30,
        "time_s": 1.2
      },
      "subgraph_centric": {
        "Hit@1": 0.4,
        "Hit@5": 0.5666666666666667,
        "Hit@10": 0.8,
        "MRR": 0.4839682539682539,
        "n": 30,
        "time_s": 0.8
      },
      "hybrid_mor": {
        "Hit@1": 0.4,
        "Hit@5": 0.5666666666666667,
        "Hit@10": 0.7666666666666667,
        "MRR": 0.47841269841269835,
        "n": 30,
        "time_s": 1.3
      }
    },
    "2-hop": {
      "node_centric": {
        "Hit@1": 0.0,
        "Hit@5": 0.1,
        "Hit@10": 0.2,
        "MRR": 0.04833333333333334,
        "n": 30,
        "time_s": 2.0
      },
      "path_centric": {
        "Hit@1": 0.03333333333333333,
        "Hit@5": 0.13333333333333333,
        "Hit@10": 0.16666666666666666,
        "MRR": 0.07333333333333332,
        "n": 30,
        "time_s": 0.6
      },
      "subgraph_centric": {
        "Hit@1": 0.0,
        "Hit@5": 0.06666666666666667,
        "Hit@10": 0.16666666666666666,
        "MRR": 0.0417989417989418,
        "n": 30,
        "time_s": 0.8
      },
      "hybrid_mor": {
        "Hit@1": 0.0,
        "Hit@5": 0.06666666666666667,
        "Hit@10": 0.23333333333333334,
        "MRR": 0.0492989417989418,
        "n": 30,
        "time_s": 0.9
      }
    },
    "3-hop": {
      "node_centric": {
        "Hit@1": 0.0,
        "Hit@5": 0.03333333333333333,
        "Hit@10": 0.13333333333333333,
        "MRR": 0.01972222222222222,
        "n": 30,
        "time_s": 1.1
      },
      "path_centric": {
        "Hit@1": 0.0,
        "Hit@5": 0.13333333333333333,
        "Hit@10": 0.13333333333333333,
        "MRR": 0.06666666666666667,
        "n": 30,
        "time_s": 1.2
      },
      "subgraph_centric": {
        "Hit@1": 0.0,
        "Hit@5": 0.1,
        "Hit@10": 0.23333333333333334,
        "MRR": 0.03916666666666666,
        "n": 30,
        "time_s": 0.9
      },
      "hybrid_mor": {
        "Hit@1": 0.0,
        "Hit@5": 0.1,
        "Hit@10": 0.2,
        "MRR": 0.034166666666666665,
        "n": 30,
        "time_s": 0.8
      }
    },
    "4-hop": {
      "node_centric": {
        "Hit@1": 0.0,
        "Hit@5": 0.1,
        "Hit@10": 0.16666666666666666,
        "MRR": 0.028333333333333332,
        "n": 30,
        "time_s": 1.6
      },
      "path_centric": {
        "Hit@1": 0.0,
        "Hit@5": 0.1,
        "Hit@10": 0.1,
        "MRR": 0.04444444444444444,
        "n": 30,
        "time_s": 0.6
      },
      "subgraph_centric": {
        "Hit@1": 0.0,
        "Hit@5": 0.06666666666666667,
        "Hit@10": 0.1,
        "MRR": 0.02,
        "n": 30,
        "time_s": 0.8
      },
      "hybrid_mor": {
        "Hit@1": 0.0,
        "Hit@5": 0.06666666666666667,
        "Hit@10": 0.16666666666666666,
        "MRR": 0.028095238095238093,
        "n": 30,
        "time_s": 0.8
      }
    },
    "5-hop": {
      "node_centric": {
        "Hit@1": 0.0,
        "Hit@5": 0.03333333333333333,
        "Hit@10": 0.2,
        "MRR": 0.025555555555555554,
        "n": 30,
        "time_s": 0.8
      },
      "path_centric": {
        "Hit@1": 0.0,
        "Hit@5": 0.0,
        "Hit@10": 0.03333333333333333,
        "MRR": 0.004166666666666667,
        "n": 30,
        "time_s": 0.6
      },
      "subgraph_centric": {
        "Hit@1": 0.0,
        "Hit@5": 0.03333333333333333,
        "Hit@10": 0.06666666666666667,
        "MRR": 0.0125,
        "n": 30,
        "time_s": 0.8
      },
      "hybrid_mor": {
        "Hit@1": 0.0,
        "Hit@5": 0.06666666666666667,
        "Hit@10": 0.13333333333333333,
        "MRR": 0.021666666666666667,
        "n": 30,
        "time_s": 0.8
      }
    },
    "6+-hop": {
      "node_centric": {
        "Hit@1": 0.0,
        "Hit@5": 0.1,
        "Hit@10": 0.16666666666666666,
        "MRR": 0.04013227513227513,
        "n": 30,
        "time_s": 1.4
      },
      "path_centric": {
        "Hit@1": 0.0,
        "Hit@5": 0.03333333333333333,
        "Hit@10": 0.1,
        "MRR": 0.016984126984126983,
        "n": 30,
        "time_s": 0.6
      },
      "subgraph_centric": {
        "Hit@1": 0.0,
        "Hit@5": 0.06666666666666667,
        "Hit@10": 0.13333333333333333,
        "MRR": 0.03611111111111111,
        "n": 30,
        "time_s": 0.7
      },
      "hybrid_mor": {
        "Hit@1": 0.0,
        "Hit@5": 0.1,
        "Hit@10": 0.16666666666666666,
        "MRR": 0.03976190476190476,
        "n": 30,
        "time_s": 0.8
      }
    }
  }
}