{
  "1-hop": {
    "path_centric": {
      "hit1": {
        "observed_diff": -0.05375227213710726,
        "p_value": 0.0,
        "ci_95": [
          -0.06128278369254739,
          -0.046741106206180216
        ],
        "cohens_d": -0.13219299874169027
      },
      "mrr": {
        "observed_diff": 0.00018269837148049417,
        "p_value": 0.4827,
        "ci_95": [
          -0.006940521014949737,
          0.007331040072048899
        ],
        "cohens_d": 0.00046172646912411085
      }
    },
    "subgraph_centric": {
      "hit1": {
        "observed_diff": 0.0,
        "p_value": 1.0,
        "ci_95": [
          0.0,
          0.0
        ],
        "cohens_d": 0.0
      },
      "mrr": {
        "observed_diff": 0.03206351267244539,
        "p_value": 0.0,
        "ci_95": [
          0.02999843371954512,
          0.03419133300771187
        ],
        "cohens_d": 0.07900864305485765
      }
    },
    "hybrid_mor": {
      "hit1": {
        "observed_diff": 0.0,
        "p_value": 1.0,
        "ci_95": [
          0.0,
          0.0
        ],
        "cohens_d": 0.0
      },
      "mrr": {
        "observed_diff": 0.017628898698750672,
        "p_value": 0.0,
        "ci_95": [
          0.016012476660360327,
          0.019282571420327847
        ],
        "cohens_d": 0.04300277233129573
      }
    }
  },
  "2-hop": {
    "path_centric": {
      "hit1": {
        "observed_diff": 0.020005406866720737,
        "p_value": 0.0,
        "ci_95": [
          0.01567991349013247,
          0.024601243579345768
        ],
        "cohens_d": 0.20203105885244238
      },
      "mrr": {
        "observed_diff": 0.010227453151216329,
        "p_value": 0.0,
        "ci_95": [
          0.006827392216686619,
          0.013641291404369262
        ],
        "cohens_d": 0.06968010412442557
      }
    },
    "subgraph_centric": {
      "hit1": {
        "observed_diff": 0.0,
        "p_value": 1.0,
        "ci_95": [
          0.0,
          0.0
        ],
        "cohens_d": 0.0
      },
      "mrr": {
        "observed_diff": -0.002227006870153661,
        "p_value": 0.0106,
        "ci_95": [
          -0.004165545600054926,
          -0.0002991772765698152
        ],
        "cohens_d": -0.01826990443434421
      }
    },
    "hybrid_mor": {
      "hit1": {
        "observed_diff": 0.0,
        "p_value": 1.0,
        "ci_95": [
          0.0,
          0.0
        ],
        "cohens_d": 0.0
      },
      "mrr": {
        "observed_diff": 0.0008354896432755388,
        "p_value": 0.1125,
        "ci_95": [
          -0.0005172166866205794,
          0.002160389230036432
        ],
        "cohens_d": 0.006828738824211567
      }
    }
  },
  "3-hop": {
    "path_centric": {
      "hit1": {
        "observed_diff": 0.012767897856817145,
        "p_value": 0.0,
        "ci_95": [
          0.008207934336525308,
          0.017783857729138167
        ],
        "cohens_d": 0.16079258684250372
      },
      "mrr": {
        "observed_diff": 0.010888903364963554,
        "p_value": 0.0,
        "ci_95": [
          0.006829445602530418,
          0.015076795576111583
        ],
        "cohens_d": 0.09195340986796172
      }
    },
    "subgraph_centric": {
      "hit1": {
        "observed_diff": 0.0,
        "p_value": 1.0,
        "ci_95": [
          0.0,
          0.0
        ],
        "cohens_d": 0.0
      },
      "mrr": {
        "observed_diff": 0.0020832880955999993,
        "p_value": 0.0441,
        "ci_95": [
          -0.00031885816342040697,
          0.004447629180871314
        ],
        "cohens_d": 0.022487996799874923
      }
    },
    "hybrid_mor": {
      "hit1": {
        "observed_diff": 0.0,
        "p_value": 1.0,
        "ci_95": [
          0.0,
          0.0
        ],
        "cohens_d": 0.0
      },
      "mrr": {
        "observed_diff": 0.0009400400987268284,
        "p_value": 0.1399,
        "ci_95": [
          -0.0007138604795923536,
          0.0026498771343162583
        ],
        "cohens_d": 0.010213910741085724
      }
    }
  },
  "4-hop": {
    "path_centric": {
      "hit1": {
        "observed_diff": 0.017982017982017984,
        "p_value": 0.0,
        "ci_95": [
          0.00999000999000999,
          0.025974025974025976
        ],
        "cohens_d": 0.19127466619713657
      },
      "mrr": {
        "observed_diff": 0.0093335236192379,
        "p_value": 0.0013,
        "ci_95": [
          0.00294621053549625,
          0.016054669536812394
        ],
        "cohens_d": 0.07217445972418843
      }
    },
    "subgraph_centric": {
      "hit1": {
        "observed_diff": 0.0,
        "p_value": 1.0,
        "ci_95": [
          0.0,
          0.0
        ],
        "cohens_d": 0.0
      },
      "mrr": {
        "observed_diff": -0.0006933542647828347,
        "p_value": 0.3525,
        "ci_95": [
          -0.004154704422561565,
          0.0027952206523635093
        ],
        "cohens_d": -0.007004198444532606
      }
    },
    "hybrid_mor": {
      "hit1": {
        "observed_diff": 0.0,
        "p_value": 1.0,
        "ci_95": [
          0.0,
          0.0
        ],
        "cohens_d": 0.0
      },
      "mrr": {
        "observed_diff": 0.001361733504590651,
        "p_value": 0.1009,
        "ci_95": [
          -0.000719924916353488,
          0.0035183863755292315
        ],
        "cohens_d": 0.013711566292326357
      }
    }
  },
  "5-hop": {
    "path_centric": {
      "hit1": {
        "observed_diff": 0.012779552715654952,
        "p_value": 0.0184,
        "ci_95": [
          0.003194888178913738,
          0.025559105431309903
        ],
        "cohens_d": 0.1606463572135478
      },
      "mrr": {
        "observed_diff": 0.008617323393681223,
        "p_value": 0.0855,
        "ci_95": [
          -0.003447341396622546,
          0.021457762817587097
        ],
        "cohens_d": 0.06663870700942132
      }
    },
    "subgraph_centric": {
      "hit1": {
        "observed_diff": 0.0,
        "p_value": 1.0,
        "ci_95": [
          0.0,
          0.0
        ],
        "cohens_d": 0.0
      },
      "mrr": {
        "observed_diff": -0.00045768040975707747,
        "p_value": 0.4466,
        "ci_95": [
          -0.0071061539631827155,
          0.006138971296718898
        ],
        "cohens_d": -0.004227447412709439
      }
    },
    "hybrid_mor": {
      "hit1": {
        "observed_diff": 0.0,
        "p_value": 1.0,
        "ci_95": [
          0.0,
          0.0
        ],
        "cohens_d": 0.0
      },
      "mrr": {
        "observed_diff": 0.0003068106901972789,
        "p_value": 0.4509,
        "ci_95": [
          -0.004055733049343272,
          0.004669671382930165
        ],
        "cohens_d": 0.0028259157722475303
      }
    }
  },
  "6+-hop": {
    "path_centric": {
      "hit1": {
        "observed_diff": 0.013605442176870748,
        "p_value": 0.1404,
        "ci_95": [
          0.0,
          0.034013605442176874
        ],
        "cohens_d": 0.16552506041426665
      },
      "mrr": {
        "observed_diff": -0.005220818486124608,
        "p_value": 0.2581,
        "ci_95": [
          -0.021115767735665696,
          0.012039736529532448
        ],
        "cohens_d": -0.04403747429664004
      }
    },
    "subgraph_centric": {
      "hit1": {
        "observed_diff": 0.0,
        "p_value": 1.0,
        "ci_95": [
          0.0,
          0.0
        ],
        "cohens_d": 0.0
      },
      "mrr": {
        "observed_diff": -0.005210020516142964,
        "p_value": 0.1215,
        "ci_95": [
          -0.014340109059496814,
          0.003223261526832954
        ],
        "cohens_d": -0.05490535854994535
      }
    },
    "hybrid_mor": {
      "hit1": {
        "observed_diff": 0.0,
        "p_value": 1.0,
        "ci_95": [
          0.0,
          0.0
        ],
        "cohens_d": 0.0
      },
      "mrr": {
        "observed_diff": -0.0013200518302559083,
        "p_value": 0.2566,