{
  "dataset": "prime",
  "timestamp": "20260401_091640",
  "results": {
    "1-hop": {
      "node_centric": {
        "Hit@1": 0.2370812775902363,
        "Hit@5": 0.3775642690210335,
        "Hit@10": 0.43365359646844975,
        "MRR": 0.29725880311442504,
        "n": 3851,
        "time_s": 86.6
      },
      "path_centric": {
        "Hit@1": 0.18332900545312905,
        "Hit@5": 0.45235003895092185,
        "Hit@10": 0.5144118410802389,
        "MRR": 0.29744150148590554,
        "n": 3851,
        "time_s": 85.5
      },
      "subgraph_centric": {
        "Hit@1": 0.2370812775902363,
        "Hit@5": 0.46014022331861854,
        "Hit@10": 0.6104907816151649,
        "MRR": 0.32932231578687043,
        "n": 3851,
        "time_s": 199.7
      },
      "hybrid_mor": {
        "Hit@1": 0.2370812775902363,
        "Hit@5": 0.43339392365619317,
        "Hit@10": 0.521942352635679,
        "MRR": 0.3148877018131757,
        "n": 3851,
        "time_s": 117.0
      }
    },
    "2-hop": {
      "node_centric": {
        "Hit@1": 0.0,
        "Hit@5": 0.11651797783184645,
        "Hit@10": 0.1759935117599351,
        "MRR": 0.04923724558761054,
        "n": 3699,
        "time_s": 87.3
      },
      "path_centric": {
        "Hit@1": 0.020005406866720737,
        "Hit@5": 0.12597999459313328,
        "Hit@10": 0.17815625844822924,
        "MRR": 0.05946469873882687,
        "n": 3699,
        "time_s": 117.8
      },
      "subgraph_centric": {
        "Hit@1": 0.0,
        "Hit@5": 0.1151662611516626,
        "Hit@10": 0.16031359826980265,
        "MRR": 0.04701023871745688,
        "n": 3699,
        "time_s": 170.0
      },
      "hybrid_mor": {
        "Hit@1": 0.0,
        "Hit@5": 0.12111381454447148,
        "Hit@10": 0.18058934847256014,
        "MRR": 0.05007273523088608,
        "n": 3699,
        "time_s": 107.5
      }
    },
    "3-hop": {
      "node_centric": {
        "Hit@1": 0.0,
        "Hit@5": 0.06338349293205654,
        "Hit@10": 0.1121751025991792,
        "MRR": 0.027986414203924465,
        "n": 2193,
        "time_s": 41.5
      },
      "path_centric": {
        "Hit@1": 0.012767897856817145,
        "Hit@5": 0.07706338349293206,
        "Hit@10": 0.11491108071135431,
        "MRR": 0.03887531756888802,
        "n": 2193,
        "time_s": 47.5
      },
      "subgraph_centric": {
        "Hit@1": 0.0,
        "Hit@5": 0.07478340173278614,
        "Hit@10": 0.11673506611947104,
        "MRR": 0.030069702299524464,
        "n": 2193,
        "time_s": 98.2
      },
      "hybrid_mor": {
        "Hit@1": 0.0,
        "Hit@5": 0.07067943456452348,
        "Hit@10": 0.11308709530323757,
        "MRR": 0.028926454302651294,
        "n": 2193,
        "time_s": 63.4
      }
    },
    "4-hop": {
      "node_centric": {
        "Hit@1": 0.0,
        "Hit@5": 0.07292707292707293,
        "Hit@10": 0.12087912087912088,
        "MRR": 0.03154979940694226,
        "n": 1001,
        "time_s": 19.3
      },
      "path_centric": {
        "Hit@1": 0.017982017982017984,
        "Hit@5": 0.07292707292707293,
        "Hit@10": 0.1088911088911089,
        "MRR": 0.04088332302618016,
        "n": 1001,
        "time_s": 21.7
      },
      "subgraph_centric": {
        "Hit@1": 0.0,
        "Hit@5": 0.07092907092907093,
        "Hit@10": 0.11188811188811189,
        "MRR": 0.030856445142159426,
        "n": 1001,
        "time_s": 45.5
      },
      "hybrid_mor": {
        "Hit@1": 0.0,
        "Hit@5": 0.06993006993006994,
        "Hit@10": 0.12887112887112886,
        "MRR": 0.03291153291153291,
        "n": 1001,
        "time_s": 29.7
      }
    },
    "5-hop": {
      "node_centric": {
        "Hit@1": 0.0,
        "Hit@5": 0.08945686900958466,
        "Hit@10": 0.13738019169329074,
        "MRR": 0.03756529235762462,
        "n": 313,
        "time_s": 5.9
      },
      "path_centric": {
        "Hit@1": 0.012779552715654952,
        "Hit@5": 0.08626198083067092,
        "Hit@10": 0.14376996805111822,
        "MRR": 0.04618261575130584,
        "n": 313,
        "time_s": 6.6
      },
      "subgraph_centric": {
        "Hit@1": 0.0,
        "Hit@5": 0.09584664536741214,
        "Hit@10": 0.134185303514377,
        "MRR": 0.03710761194786754,
        "n": 313,
        "time_s": 14.8
      },
      "hybrid_mor": {
        "Hit@1": 0.0,
        "Hit@5": 0.09584664536741214,
        "Hit@10": 0.13738019169329074,
        "MRR": 0.037872103047821896,
        "n": 313,
        "time_s": 9.6
      }
    },
    "6+-hop": {
      "node_centric": {
        "Hit@1": 0.0,
        "Hit@5": 0.08163265306122448,
        "Hit@10": 0.14965986394557823,
        "MRR": 0.03453730698628658,
        "n": 147,
        "time_s": 2.8
      },
      "path_centric": {
        "Hit@1": 0.013605442176870748,
        "Hit@5": 0.047619047619047616,
        "Hit@10": 0.06802721088435375,
        "MRR": 0.02931648850016197,
        "n": 147,
        "time_s": 3.6
      },
      "subgraph_centric": {
        "Hit@1": 0.0,
        "Hit@5": 0.06802721088435375,
        "Hit@10": 0.10884353741496598,
        "MRR": 0.029327286470143613,
        "n": 147,
        "time_s": 5.6
      },
      "hybrid_mor": {
        "Hit@1": 0.0,
        "Hit@5": 0.07482993197278912,
        "Hit@10": 0.14285714285714285,
        "MRR": 0.03321725515603067,
        "n": 147,
        "time_s": 4.1
      }
    }
  }
}