{
  "D": 384,
  "d_bar": 62.6,
  "delta_raw_1hop": -0.05262655234246543,
  "rho_avg": 0.5838349165519078,
  "D_eff_avg": 159.8073920440674,
  "hstar_standard": 0.1285435199849365,
  "hstar_corrected": 0.0534953247212426,
  "per_bin": {
    "1-hop": {
      "avg_rho": 0.5507429558038711,
      "D_eff": 172.5147049713135,
      "avg_delta_raw": -0.05262655234246543,
      "noise_std_empirical": 0.032618434482514766,
      "delta_norm_standard": -1.613399084823525,
      "delta_norm_corrected": -0.6912226798855405
    },
    "2-hop": {
      "avg_rho": 0.607882809638977,
      "D_eff": 150.57300109863283,
      "avg_delta_raw": -0.10645726211662368,
      "noise_std_empirical": 0.026699356136663133,
      "delta_norm_standard": -3.9872595268482245,
      "delta_norm_corrected": -1.3063178040724885
    },
    "3-hop": {
      "avg_rho": 0.5822874704003334,
      "D_eff": 160.401611366272,
      "avg_delta_raw": -0.1251608947360957,
      "noise_std_empirical": 0.026773298359171815,
      "delta_norm_standard": -4.674840322511811,
      "delta_norm_corrected": -1.5851596997355384
    },
    "4-hop": {
      "avg_rho": 0.5786138516664505,
      "D_eff": 161.812280960083,
      "avg_delta_raw": -0.09594836443254393,
      "noise_std_empirical": 0.02876313312696185,
      "delta_norm_standard": -3.3358106020308442,
      "delta_norm_corrected": -1.2205155472664087
    },
    "5-hop": {
      "avg_rho": 0.5902997455000878,
      "D_eff": 157.3248977279663,
      "avg_delta_raw": -0.10723071242200917,
      "noise_std_empirical": 0.029474888147277254,
      "delta_norm_standard": -3.638036279771756,
      "delta_norm_corrected": -1.344986485123999
    },
    "6+-hop": {
      "avg_rho": 0.5931826663017273,
      "D_eff": 156.2178561401367,
      "avg_delta_raw": -0.08873197177182073,
      "noise_std_empirical": 0.03031603796297785,
      "delta_norm_standard": -2.926898689076086,
      "delta_norm_corrected": -1.109035553756973
    }
  },
  "empirical_hit1": [
    0.2236432095559595,
    0.005001351716680184,
    0.0031919744642042863,
    0.004495504495504496,
    0.003194888178913738,
    0.003401360544217687
  ],
  "theory_standard": [
    0.0009455213500458306,
    3.7930421376537292e-06,
    2.2097500727197624e-08,
    2.2552543069463372e-10,
    1.439686116008154e-12,
    6.319195015995468e-15
  ],
  "theory_corrected": [
    0.002653968411190765,
    2.0488028927301842e-05,
    1.5681864333378e-07,
    2.202315157723586e-09,
    2.402982481737984e-11,
    2.5121522721310424e-13
  ],
  "theory_empirical_sigma": [
    0.0001847957026383434,
    4.869879892189962e-05,
    4.9738228028754255e-05,
    8.360162378606294e-05,
    9.862929315871365e-05,
    0.00011847836289720038
  ]
}