{
  "embedding_dim": 384,
  "mean_degree": 62.6,
  "delta_per_bin": {
    "1-hop": {
      "delta_raw": 0.2929599571455712,
      "delta_normalized": 2.7028956783347624,
      "gold_mean": 0.49147429053389696,
      "noise_mean": 0.19851433338832575,
      "noise_std": 0.10838744517363766,
      "n_gold": 545,
      "n_noise": 10000
    },
    "2-hop": {
      "delta_raw": 0.23874448549926544,
      "delta_normalized": 2.1597113224097018,
      "gold_mean": 0.4528652076135602,
      "noise_mean": 0.21412072211429475,
      "noise_std": 0.11054462835935214,
      "n_gold": 570,
      "n_noise": 10000
    },
    "3-hop": {
      "delta_raw": 0.19629777883861646,
      "delta_normalized": 1.8095659460475517,
      "gold_mean": 0.4056125534559364,
      "noise_mean": 0.20931477461731993,
      "noise_std": 0.10847782545166118,
      "n_gold": 469,
      "n_noise": 10000
    },
    "4-hop": {
      "delta_raw": 0.23896209557119427,
      "delta_normalized": 2.2888273651427418,
      "gold_mean": 0.4361199633601834,
      "noise_mean": 0.1971578677889891,
      "noise_std": 0.10440372184045933,
      "n_gold": 408,
      "n_noise": 10000
    },
    "5-hop": {
      "delta_raw": 0.24564437620624682,
      "delta_normalized": 2.373767355104068,
      "gold_mean": 0.43846668830359137,
      "noise_mean": 0.19282231209734454,
      "noise_std": 0.10348291953634924,
      "n_gold": 308,
      "n_noise": 10000
    },
    "6+-hop": {
      "delta_raw": 0.2164940448577332,
      "delta_normalized": 2.166564160016773,
      "gold_mean": 0.42465829022583507,
      "noise_mean": 0.20816424536810188,
      "noise_std": 0.09992505592636461,
      "n_gold": 210,
      "n_noise": 7350
    }
  },
  "overall_delta_raw": 0.2424439221447868,
  "overall_delta_normalized": 2.2768832076253296,
  "overall_noise_std": 0.10648061408368995,
  "delta_1hop": 2.7028956783347624,
  "predicted_hstar": 339.0774566379691,
  "theoretical_pcorrect_fixed": [
    0.6370317134143251,
    0.19277478939614273,
    0.034537166467365744,
    0.004413990236253325,
    0.0004468822814378368,
    3.811759683418521e-05
  ],
  "theoretical_pcorrect_perbin": [
    0.6370317134143251,
    0.08237628069822306,
    0.003575389915325441,
    0.0012413846827654638,
    0.00013284256059347942,
    3.6217569357710574e-06
  ],
  "empirical_hit1": [
    0.2236432095559595,
    0.005001351716680184,
    0.0031919744642042863,
    0.004495504495504496,
    0.003194888178913738,
    0.003401360544217687
  ]
}