{
  "dataset": "amazon",
  "num_nodes": 1035542,
  "num_edges": 9443802,
  "density": 8.806872272833734e-06,
  "mean_degree": 9.11987732028252,
  "median_degree": 3.0,
  "max_degree": 64062
}