{
  "regimes": [
    {
      "name": "regime_1_struct_noise",
      "N": 592,
      "pos_rate": 0.6824324131011963,
      "auc_T": 0.830017642721719,
      "auc_TS": 0.8314395934274278,
      "tau_bar": 0.003286783816292882,
      "ci_lower": -0.10682011023163794,
      "ci_upper": 0.10059156641364096,
      "permutation_p": 0.9405940594059405
    },
    {
      "name": "regime_2_struct_informative",
      "N": 645,
      "pos_rate": 0.6108527183532715,
      "auc_T": 0.6227829797561025,
      "auc_TS": 0.7213936133638036,
      "tau_bar": -0.010767849162220955,
      "ci_lower": -0.2107840664684772,
      "ci_upper": 0.1742335248738527,
      "permutation_p": 0.693069306930693
    },
    {
      "name": "regime_3_text_dominant",
      "N": 636,
      "pos_rate": 0.7248427867889404,
      "auc_T": 0.8675674000619771,
      "auc_TS": 0.8675674000619771,
      "tau_bar": 0.0,
      "ci_lower": 0.0,
      "ci_upper": 0.0,
      "permutation_p": 1.0
    }
  ],
  "verdicts": {
    "regime_1_ci_covers_zero": true,
    "regime_1_perm_p_large": true,
    "regime_2_tau_positive": false,
    "regime_2_perm_p_small": false,
    "regime_3_tau_small": true
  }
}