{
  "A_drug_gene_disease": {
    "deepwalk": {
      "2": {
        "n": 651,
        "tau_bar": -0.004574872087687254,
        "ci_lower": -0.01692820144817233,
        "ci_upper": 0.009317269967868922
      },
      "3": {
        "n": 2784,
        "tau_bar": -0.002882021712139249,
        "ci_lower": -0.00981765545438975,
        "ci_upper": 0.004108287685085083
      },
      "4+": {
        "n": 357,
        "tau_bar": -0.022554269060492516,
        "ci_lower": -0.04591522915288806,
        "ci_upper": -0.004475632752291881
      }
    },
    "node2vec_bfs": {
      "2": {
        "n": 651,
        "tau_bar": -0.01079226192086935,
        "ci_lower": -0.02657667938619852,
        "ci_upper": 0.002707794820889829
      },
      "3": {
        "n": 2784,
        "tau_bar": -0.00045594607945531607,
        "ci_lower": -0.008333078678697347,
        "ci_upper": 0.005848452995996922
      },
      "4+": {
        "n": 357,
        "tau_bar": -0.024191314354538918,
        "ci_lower": -0.047434660606086254,
        "ci_upper": -0.0045632180990651606
      }
    },
    "node2vec_dfs": {
      "2": {
        "n": 651,
        "tau_bar": -0.01564595103263855,
        "ci_lower": -0.029553401796147225,
        "ci_upper": -0.0005398119188612427
      },
      "3": {
        "n": 2784,
        "tau_bar": -0.001402844674885273,
        "ci_lower": -0.008069503190927207,
        "ci_upper": 0.0057782906806096365
      },
      "4+": {
        "n": 357,
        "tau_bar": -0.019383635371923447,
        "ci_lower": -0.040350497607141725,
        "ci_upper": 9.641183532943574e-06
      }
    },
    "graphsage": {
      "2": {
        "n": 651,
        "tau_bar": -0.019614174962043762,
        "ci_lower": -0.035879493597894906,
        "ci_upper": -0.004670123045798395
      },
      "3": {
        "n": 2784,
        "tau_bar": 0.0026837142650038004,
        "ci_lower": -0.003477502369787544,
        "ci_upper": 0.008445458463393151
      },
      "4+": {
        "n": 357,
        "tau_bar": -0.011592231690883636,
        "ci_lower": -0.03247660705819726,
        "ci_upper": 0.005751574167516075
      }
    }
  },
  "B_drug_pathway_disease": {
    "deepwalk": {
      "2": {
        "n": 683,
        "tau_bar": -0.007351317442953587,
        "ci_lower": -0.017807502578943965,
        "ci_upper": 0.003472430730471358
      },
      "3": {
        "n": 2633,
        "tau_bar": 0.004063975531607866,
        "ci_lower": -0.0010204682868788944,
        "ci_upper": 0.009443101007491348
      },
      "4+": {
        "n": 378,
        "tau_bar": -0.011752373538911343,
        "ci_lower": -0.02726275254972279,
        "ci_upper": 0.004719919397030025
      }
    },
    "node2vec_bfs": {
      "2": {
        "n": 683,
        "tau_bar": -0.0059603736735880375,
        "ci_lower": -0.015766093274578445,
        "ci_upper": 0.004692879284266376
      },
      "3": {
        "n": 2633,
        "tau_bar": 0.0018079810542985797,
        "ci_lower": -0.003568562987493351,
        "ci_upper": 0.007858232990838585
      },
      "4+": {
        "n": 378,
        "tau_bar": -0.015191420912742615,
        "ci_lower": -0.030912111094221466,
        "ci_upper": 0.000959953140409181
      }
    },
    "node2vec_dfs": {
      "2": {
        "n": 683,
        "tau_bar": 0.0006631418946199119,
        "ci_lower": -0.009728467930108307,
        "ci_upper": 0.011725292075425381
      },
      "3": {
        "n": 2633,
        "tau_bar": 0.0017399329226464033,
        "ci_lower": -0.003557391325011848,
        "ci_upper": 0.007108718308154491
      },
      "4+": {
        "n": 378,
        "tau_bar": -0.01647888496518135,
        "ci_lower": -0.032778306677937505,
        "ci_upper": 0.0003622650970100812
      }
    },
    "graphsage": {
      "2": {
        "n": 683,
        "tau_bar": -0.004251783713698387,
        "ci_lower": -0.014931361866183575,
        "ci_upper": 0.005133274511899799
      },
      "3": {
        "n": 2633,
        "tau_bar": 0.004907142836600542,
        "ci_lower": -0.000698088151693809,
        "ci_upper": 0.010459084762260314
      },
      "4+": {
        "n": 378,
        "tau_bar": -0.011958969756960869,
        "ci_lower": -0.025751692941412326,
        "ci_upper": 0.0015823085966985653
      }
    }
  },
  "C_disease_phenotype_gene": {
    "deepwalk": {
      "2": {
        "n": 17581,
        "tau_bar": 0.02971096709370613,
        "ci_lower": 0.02437023362144828,
        "ci_upper": 0.03484848467633128
      },
      "3": {
        "n": 14838,
        "tau_bar": -0.0037504052743315697,
        "ci_lower": -0.009762358758598565,
        "ci_upper": 0.0017259706597542387
      },
      "4+": {
        "n": 1219,
        "tau_bar": -0.05166841298341751,
        "ci_lower": -0.07248172480612992,
        "ci_upper": -0.03123699398711324
      }
    },
    "node2vec_bfs": {
      "2": {
        "n": 17581,
        "tau_bar": 0.02928202413022518,
        "ci_lower": 0.023279221588745715,
        "ci_upper": 0.034158147685229776
      },
      "3": {
        "n": 14838,
        "tau_bar": -0.004344149958342314,
        "ci_lower": -0.010170581890270113,
        "ci_upper": 0.0012185211540781766
      },
      "4+": {
        "n": 1219,
        "tau_bar": -0.058673497289419174,
        "ci_lower": -0.07825798820704222,
        "ci_upper": -0.03834490878507495
      }
    },
    "node2vec_dfs": {
      "2": {
        "n": 17581,
        "tau_bar": 0.029447343200445175,
        "ci_lower": 0.0242554665543139,
        "ci_upper": 0.034553140960633756
      },
      "3": {
        "n": 14838,
        "tau_bar": -0.0038940629456192255,
        "ci_lower": -0.010065715620294211,
        "ci_upper": 0.0017308470123680241
      },
      "4+": {
        "n": 1219,
        "tau_bar": -0.055555373430252075,
        "ci_lower": -0.07506122887134552,
        "ci_upper": -0.03687657723203303
      }
    },
    "graphsage": {
      "2": {
        "n": 17581,
        "tau_bar": 0.030537376180291176,
        "ci_lower": 0.026895513525232673,
        "ci_upper": 0.034639054071158165
      },
      "3": {
        "n": 14838,
        "tau_bar": -0.007796988822519779,
        "ci_lower": -0.01262673591263592,
        "ci_upper": -0.002861928334459663
      },
      "4+": {
        "n": 1219,
        "tau_bar": -0.051323436200618744,
        "ci_lower": -0.06848266962915658,
        "ci_upper": -0.03481901800259948
      }
    }
  },
  "D_drug_disease_direct": {
    "deepwalk": {
      "2": {
        "n": 446,
        "tau_bar": 0.0028735215310007334,
        "ci_lower": -0.001364549124264158,
        "ci_upper": 0.008450486417859789
      },
      "3": {
        "n": 2512,
        "tau_bar": -0.014227857813239098,
        "ci_lower": -0.03224911326542497,
        "ci_upper": 0.0026977800705935725
      },
      "4+": {
        "n": 654,
        "tau_bar": -0.018792007118463516,
        "ci_lower": -0.0371931167319417,
        "ci_upper": 0.0018890088627813338
      }
    },
    "node2vec_bfs": {
      "2": {
        "n": 446,
        "tau_bar": 0.003699293127283454,
        "ci_lower": -0.0002690678858925816,
        "ci_upper": 0.008511081244796513
      },
      "3": {
        "n": 2512,
        "tau_bar": -0.009930571541190147,
        "ci_lower": -0.027108176331967115,
        "ci_upper": 0.008230884361546459
      },
      "4+": {
        "n": 654,
        "tau_bar": -0.017794907093048096,
        "ci_lower": -0.03772619422525166,
        "ci_upper": 0.002937844442203639
      }
    },
    "node2vec_dfs": {
      "2": {
        "n": 446,
        "tau_bar": 0.0030573811382055283,
        "ci_lower": -0.0019463616335997356,
        "ci_upper": 0.009515969455242154
      },
      "3": {
        "n": 2512,
        "tau_bar": -0.0011845986591652036,
        "ci_lower": -0.018779584905132648,
        "ci_upper": 0.01623587899375704
      },
      "4+": {
        "n": 654,
        "tau_bar": -0.01910950243473053,
        "ci_lower": -0.03859381042420864,