{
  "A_drug_gene_disease": {
    "deepwalk": {
      "tau_bar": -0.00502470089122653,
      "auc_T": 0.976723426178141,
      "auc_TS": 0.9958607060834268,
      "auc_gap": 0.019137279905285798,
      "ci_lower": -0.011122544156387448,
      "ci_upper": 0.0004199621689622273,
      "ci_se": 0.003077470269934149,
      "permutation_p_auc": 0.0196078431372549,
      "permutation_p_tau": 0.0196078431372549,
      "n_pairs": 3792,
      "permutation_p_auc_holm": 0.0784313725490196
    },
    "node2vec_bfs": {
      "tau_bar": -0.00446503609418869,
      "auc_T": 0.976723426178141,
      "auc_TS": 0.9960779633783761,
      "auc_gap": 0.019354537200235056,
      "ci_lower": -0.010625937697477638,
      "ci_upper": 0.0012939287204062557,
      "ci_se": 0.0030496586659579683,
      "permutation_p_auc": 0.0196078431372549,
      "permutation_p_tau": 0.0196078431372549,
      "n_pairs": 3792,
      "permutation_p_auc_holm": 0.0784313725490196
    },
    "node2vec_dfs": {
      "tau_bar": -0.005540873855352402,
      "auc_T": 0.976723426178141,
      "auc_TS": 0.9954843307696416,
      "auc_gap": 0.018760904591500593,
      "ci_lower": -0.011517433915287256,
      "ci_upper": -7.652598033018933e-05,
      "ci_se": 0.0029143317458665756,
      "permutation_p_auc": 0.0196078431372549,
      "permutation_p_tau": 0.0196078431372549,
      "n_pairs": 3792,
      "permutation_p_auc_holm": 0.0784313725490196
    },
    "graphsage": {
      "tau_bar": -0.0024883421137928963,
      "auc_T": 0.976723426178141,
      "auc_TS": 0.986269672773238,
      "auc_gap": 0.009546246595096952,
      "ci_lower": -0.00866551559884101,
      "ci_upper": 0.0029763282218482337,
      "ci_se": 0.002978903878326403,
      "permutation_p_auc": 0.0196078431372549,
      "permutation_p_tau": 0.19607843137254902,
      "n_pairs": 3792,
      "permutation_p_auc_holm": 0.0784313725490196
    }
  },
  "B_drug_pathway_disease": {
    "deepwalk": {
      "tau_bar": 0.00033489419729448855,
      "auc_T": 0.9830372142419744,
      "auc_TS": 0.9957472117825802,
      "auc_gap": 0.012709997540605755,
      "ci_lower": -0.00464429174317047,
      "ci_upper": 0.004790481727104629,
      "ci_se": 0.0023744199639591343,
      "permutation_p_auc": 0.0196078431372549,
      "permutation_p_tau": 1.0,
      "n_pairs": 3694,
      "permutation_p_auc_holm": 0.0784313725490196
    },
    "node2vec_bfs": {
      "tau_bar": -0.0013678609393537045,
      "auc_T": 0.9830372142419744,
      "auc_TS": 0.9967860787141032,
      "auc_gap": 0.013748864472128752,
      "ci_lower": -0.006052584236022084,
      "ci_upper": 0.0034655337803997078,
      "ci_se": 0.002467730236268134,
      "permutation_p_auc": 0.0196078431372549,
      "permutation_p_tau": 0.9215686274509803,
      "n_pairs": 3694,
      "permutation_p_auc_holm": 0.0784313725490196
    },
    "node2vec_dfs": {
      "tau_bar": -0.0003234569448977709,
      "auc_T": 0.9830372142419744,
      "auc_TS": 0.9958908474474917,
      "auc_gap": 0.012853633205517245,
      "ci_lower": -0.004867308866232632,
      "ci_upper": 0.004698676092084495,
      "ci_se": 0.00236586386353569,
      "permutation_p_auc": 0.0196078431372549,
      "permutation_p_tau": 1.0,
      "n_pairs": 3694,
      "permutation_p_auc_holm": 0.0784313725490196
    },
    "graphsage": {
      "tau_bar": 0.0014878317015245557,
      "auc_T": 0.9830372142419744,
      "auc_TS": 0.9896687849507343,
      "auc_gap": 0.00663157070875986,
      "ci_lower": -0.0030705918790772547,
      "ci_upper": 0.006075488298665731,
      "ci_se": 0.002325337945652694,
      "permutation_p_auc": 0.0196078431372549,
      "permutation_p_tau": 0.8431372549019608,
      "n_pairs": 3694,
      "permutation_p_auc_holm": 0.0784313725490196
    }
  },
  "C_disease_phenotype_gene": {
    "deepwalk": {
      "tau_bar": 0.012001789174973965,
      "auc_T": 0.9426350057436798,
      "auc_TS": 0.9927298041297627,
      "auc_gap": 0.050094798386082995,
      "ci_lower": 0.00761011999566108,
      "ci_upper": 0.016468887822702522,
      "ci_se": 0.0022995044438376766,
      "permutation_p_auc": 0.0196078431372549,
      "permutation_p_tau": 0.0196078431372549,
      "n_pairs": 33638,
      "permutation_p_auc_holm": 0.0784313725490196
    },
    "node2vec_bfs": {
      "tau_bar": 0.011261838488280773,
      "auc_T": 0.9426350057436798,
      "auc_TS": 0.9930323153529368,
      "auc_gap": 0.050397309609257035,
      "ci_lower": 0.006833399715833367,
      "ci_upper": 0.01584328068420291,
      "ci_se": 0.0023003733643823343,
      "permutation_p_auc": 0.0196078431372549,
      "permutation_p_tau": 0.0196078431372549,
      "n_pairs": 33638,
      "permutation_p_auc_holm": 0.0784313725490196
    },
    "node2vec_dfs": {
      "tau_bar": 0.011659780517220497,
      "auc_T": 0.9426350057436798,
      "auc_TS": 0.992500147439489,
      "auc_gap": 0.049865141695809245,
      "ci_lower": 0.0071592122782021764,
      "ci_upper": 0.0162243677303195,
      "ci_se": 0.002349075193779604,
      "permutation_p_auc": 0.0196078431372549,
      "permutation_p_tau": 0.0196078431372549,
      "n_pairs": 33638,
      "permutation_p_auc_holm": 0.0784313725490196
    },
    "graphsage": {
      "tau_bar": 0.010661236941814423,
      "auc_T": 0.9426350057436798,
      "auc_TS": 0.9753984711492707,
      "auc_gap": 0.03276346540559094,
      "ci_lower": 0.0073427237337455155,
      "ci_upper": 0.014483387698419392,
      "ci_se": 0.0017851786742182159,
      "permutation_p_auc": 0.0196078431372549,
      "permutation_p_tau": 0.0196078431372549,
      "n_pairs": 33638,
      "permutation_p_auc_holm": 0.0784313725490196
    }
  },
  "D_drug_disease_direct": {
    "deepwalk": {
      "tau_bar": -0.012942624278366566,
      "auc_T": 0.9169655964062207,
      "auc_TS": 0.9810782073781379,
      "auc_gap": 0.06411261097191723,
      "ci_lower": -0.02768579209223389,
      "ci_upper": -0.00012651058283382277,
      "ci_se": 0.00708065183052016,
      "permutation_p_auc": 0.0196078431372549,
      "permutation_p_tau": 0.0196078431372549,
      "n_pairs": 3612,
      "permutation_p_auc_holm": 0.0784313725490196
    },
    "node2vec_bfs": {
      "tau_bar": -0.009671533480286598,
      "auc_T": 0.9169655964062207,
      "auc_TS": 0.9821289070883445,
      "auc_gap": 0.06516331068212389,
      "ci_lower": -0.02249354403465986,
      "ci_upper": 0.002596103778341762,
      "ci_se": 0.006593885082667419,
      "permutation_p_auc": 0.0196078431372549,
      "permutation_p_tau": 0.058823529411764705,
      "n_pairs": 3612,
      "permutation_p_auc_holm": 0.0784313725490196
    },
    "node2vec_dfs": {
      "tau_bar": -0.003906352445483208,
      "auc_T": 0.9169655964062207,
      "auc_TS": 0.9842027129943378,
      "auc_gap": 0.06723711658811715,
      "ci_lower": -0.017435382539406415,
      "ci_upper": 0.008895367267541587,
      "ci_se": 0.006934703547887861,
      "permutation_p_auc": 0.0196078431372549,
      "permutation_p_tau": 0.7254901960784313,
      "n_pairs": 3612,
      "permutation_p_auc_holm": 0.0784313725490196
    },
    "graphsage": {
      "tau_bar": 0.00377521850168705,
      "auc_T": 0.9169655964062207,
      "auc_TS": 0.9475511675735735,
      "auc_gap": 0.030585571167352832,
      "ci_lower": -0.007299352611880746,
      "ci_upper": 0.01506956205703317,
      "ci_se": 0.0057012785328330795,
      "permutation_p_auc": 0.0196078431372549,
      "permutation_p_tau": 0.1568627450980392,
      "n_pairs": 3612,
      "permutation_p_auc_holm": 0.0784313725490196
    }
  }
}