{
  "A_drug_gene_disease": {
    "deepwalk": {
      "tau_bar": -0.00502470089122653,
      "auc_T": 0.976723426178141,
      "auc_TS": 0.9958607060834268,
      "ci_lower": -0.011122544156387448,
      "ci_upper": 0.0004199621689622273,
      "ci_se": 0.003077470269934149,
      "permutation_p_uncorrected": 0.0196078431372549,
      "n_pairs": 3792,
      "permutation_p_holm": 0.0784313725490196
    },
    "node2vec_bfs": {
      "tau_bar": -0.00446503609418869,
      "auc_T": 0.976723426178141,
      "auc_TS": 0.9960779633783761,
      "ci_lower": -0.010625937697477638,
      "ci_upper": 0.0012939287204062557,
      "ci_se": 0.0030496586659579683,
      "permutation_p_uncorrected": 0.0196078431372549,
      "n_pairs": 3792,
      "permutation_p_holm": 0.0784313725490196
    },
    "node2vec_dfs": {
      "tau_bar": -0.005540873855352402,
      "auc_T": 0.976723426178141,
      "auc_TS": 0.9954843307696416,
      "ci_lower": -0.011517433915287256,
      "ci_upper": -7.652598033018933e-05,
      "ci_se": 0.0029143317458665756,
      "permutation_p_uncorrected": 0.0196078431372549,
      "n_pairs": 3792,
      "permutation_p_holm": 0.0784313725490196
    },
    "graphsage": {
      "tau_bar": -0.0024883421137928963,
      "auc_T": 0.976723426178141,
      "auc_TS": 0.986269672773238,
      "ci_lower": -0.00866551559884101,
      "ci_upper": 0.0029763282218482337,
      "ci_se": 0.002978903878326403,
      "permutation_p_uncorrected": 0.19607843137254902,
      "n_pairs": 3792,
      "permutation_p_holm": 0.19607843137254902
    }
  },
  "B_drug_pathway_disease": {
    "deepwalk": {
      "tau_bar": 0.00033489419729448855,
      "auc_T": 0.9830372142419744,
      "auc_TS": 0.9957472117825802,
      "ci_lower": -0.00464429174317047,
      "ci_upper": 0.004790481727104629,
      "ci_se": 0.0023744199639591343,
      "permutation_p_uncorrected": 1.0,
      "n_pairs": 3694
    },
    "node2vec_bfs": {
      "tau_bar": -0.0013678609393537045,
      "auc_T": 0.9830372142419744,
      "auc_TS": 0.9967860787141032,
      "ci_lower": -0.006052584236022084,
      "ci_upper": 0.0034655337803997078,
      "ci_se": 0.002467730236268134,
      "permutation_p_uncorrected": 0.9215686274509803,
      "n_pairs": 3694
    },
    "node2vec_dfs": {
      "tau_bar": -0.0003234569448977709,
      "auc_T": 0.9830372142419744,
      "auc_TS": 0.9958908474474917,
      "ci_lower": -0.004867308866232632,
      "ci_upper": 0.004698676092084495,
      "ci_se": 0.00236586386353569,
      "permutation_p_uncorrected": 1.0,
      "n_pairs": 3694
    }
  }
}