{
  "node_centric": {
    "1-hop": {
      "Hit@1": 0.3,
      "Hit@5": 0.4,
      "Hit@10": 0.46,
      "Hit@20": 0.525,
      "MRR": 0.3535848446788849,
      "n_samples": 200,
      "time_sec": 19.23
    },
    "2-hop": {
      "Hit@1": 0.0,
      "Hit@5": 0.195,
      "Hit@10": 0.26,
      "Hit@20": 0.34,
      "MRR": 0.08470955820065726,
      "n_samples": 200,
      "time_sec": 12.3
    },
    "3-hop": {
      "Hit@1": 0.0,
      "Hit@5": 0.08,
      "Hit@10": 0.135,
      "Hit@20": 0.18,
      "MRR": 0.03167283593599383,
      "n_samples": 200,
      "time_sec": 10.37
    },
    "4-hop": {
      "Hit@1": 0.0,
      "Hit@5": 0.095,
      "Hit@10": 0.18,
      "Hit@20": 0.23,
      "MRR": 0.04652805016620807,
      "n_samples": 200,
      "time_sec": 11.14
    },
    "5-hop": {
      "Hit@1": 0.0,
      "Hit@5": 0.08,
      "Hit@10": 0.135,
      "Hit@20": 0.205,
      "MRR": 0.03977004398250528,
      "n_samples": 200,
      "time_sec": 11.51
    },
    "6+-hop": {
      "Hit@1": 0.0,
      "Hit@5": 0.08163265306122448,
      "Hit@10": 0.14965986394557823,
      "Hit@20": 0.20408163265306123,
      "MRR": 0.03812920161959778,
      "n_samples": 147,
      "time_sec": 5.21
    }
  },
  "subgraph_s3_h1": {
    "1-hop": {
      "Hit@1": 0.3,
      "Hit@5": 0.48,
      "Hit@10": 0.64,
      "Hit@20": 0.77,
      "MRR": 0.39045785309891345,
      "n_samples": 200,
      "time_sec": 13.17
    },
    "2-hop": {
      "Hit@1": 0.0,
      "Hit@5": 0.175,
      "Hit@10": 0.24,
      "Hit@20": 0.275,
      "MRR": 0.07669388944388944,
      "n_samples": 200,
      "time_sec": 12.6
    },
    "3-hop": {
      "Hit@1": 0.0,
      "Hit@5": 0.08,
      "Hit@10": 0.135,
      "Hit@20": 0.16,
      "MRR": 0.03090739326033444,
      "n_samples": 200,
      "time_sec": 13.2
    },
    "4-hop": {
      "Hit@1": 0.0,
      "Hit@5": 0.105,
      "Hit@10": 0.155,
      "Hit@20": 0.19,
      "MRR": 0.04444758223802341,
      "n_samples": 200,
      "time_sec": 12.35
    },
    "5-hop": {
      "Hit@1": 0.0,
      "Hit@5": 0.09,
      "Hit@10": 0.11,
      "Hit@20": 0.15,
      "MRR": 0.03617482027776145,
      "n_samples": 200,
      "time_sec": 11.23
    },
    "6+-hop": {
      "Hit@1": 0.0,
      "Hit@5": 0.06802721088435375,
      "Hit@10": 0.10884353741496598,
      "Hit@20": 0.14965986394557823,
      "MRR": 0.032212628641200065,
      "n_samples": 147,
      "time_sec": 8.24
    }
  },
  "subgraph_s3_h2": {
    "1-hop": {
      "Hit@1": 0.3,
      "Hit@5": 0.41,
      "Hit@10": 0.48,
      "Hit@20": 0.57,
      "MRR": 0.3591483113334894,
      "n_samples": 200,
      "time_sec": 76.64
    },
    "2-hop": {
      "Hit@1": 0.0,
      "Hit@5": 0.205,
      "Hit@10": 0.3,
      "Hit@20": 0.375,
      "MRR": 0.08981850480960386,
      "n_samples": 200,
      "time_sec": 85.12
    },
    "3-hop": {
      "Hit@1": 0.0,
      "Hit@5": 0.065,
      "Hit@10": 0.11,
      "Hit@20": 0.155,
      "MRR": 0.027611552555631507,
      "n_samples": 200,
      "time_sec": 67.01
    },
    "4-hop": {
      "Hit@1": 0.0,
      "Hit@5": 0.085,
      "Hit@10": 0.14,
      "Hit@20": 0.175,
      "MRR": 0.04038997296563086,
      "n_samples": 200,
      "time_sec": 38.06
    },
    "5-hop": {
      "Hit@1": 0.0,
      "Hit@5": 0.07,
      "Hit@10": 0.125,
      "Hit@20": 0.15,
      "MRR": 0.035410950160950166,
      "n_samples": 200,
      "time_sec": 25.39
    },
    "6+-hop": {
      "Hit@1": 0.0,
      "Hit@5": 0.061224489795918366,
      "Hit@10": 0.09523809523809523,
      "Hit@20": 0.14965986394557823,
      "MRR": 0.030140594074062197,
      "n_samples": 147,
      "time_sec": 13.54
    }
  },
  "beam_bw3_h3": {
    "1-hop": {
      "Hit@1": 0.3,
      "Hit@5": 0.435,
      "Hit@10": 0.545,
      "Hit@20": 0.575,
      "MRR": 0.36488744588744587,
      "n_samples": 200,
      "time_sec": 9.98
    },
    "2-hop": {
      "Hit@1": 0.0,
      "Hit@5": 0.19,
      "Hit@10": 0.26,
      "Hit@20": 0.285,
      "MRR": 0.08059559884559885,
      "n_samples": 200,
      "time_sec": 7.85
    },
    "3-hop": {
      "Hit@1": 0.0,
      "Hit@5": 0.07,
      "Hit@10": 0.1,
      "Hit@20": 0.135,
      "MRR": 0.02725685425685426,
      "n_samples": 200,
      "time_sec": 7.75
    },
    "4-hop": {
      "Hit@1": 0.0,
      "Hit@5": 0.09,
      "Hit@10": 0.14,
      "Hit@20": 0.155,
      "MRR": 0.04040710678210679,
      "n_samples": 200,
      "time_sec": 8.25
    },
    "5-hop": {
      "Hit@1": 0.0,
      "Hit@5": 0.08,
      "Hit@10": 0.12,
      "Hit@20": 0.125,
      "MRR": 0.03404383116883117,
      "n_samples": 200,
      "time_sec": 7.63
    },
    "6+-hop": {
      "Hit@1": 0.0,
      "Hit@5": 0.061224489795918366,
      "Hit@10": 0.12244897959183673,
      "Hit@20": 0.1360544217687075,
      "MRR": 0.030755563408624627,
      "n_samples": 147,
      "time_sec": 5.46
    }
  },
  "beam_bw5_h3": {
    "1-hop": {
      "Hit@1": 0.3,
      "Hit@5": 0.43,
      "Hit@10": 0.525,
      "Hit@20": 0.65,
      "MRR": 0.36832633746971977,
      "n_samples": 200,
      "time_sec": 8.17
    },
    "2-hop": {
      "Hit@1": 0.0,
      "Hit@5": 0.19,
      "Hit@10": 0.27,
      "Hit@20": 0.345,
      "MRR": 0.08532976255770373,
      "n_samples": 200,
      "time_sec": 8.52
    },
    "3-hop": {
      "Hit@1": 0.0,
      "Hit@5": 0.07,
      "Hit@10": 0.115,
      "Hit@20": 0.215,
      "MRR": 0.032729603729603735,
      "n_samples": 200,
      "time_sec": 9.23
    },
    "4-hop": {
      "Hit@1": 0.0,
      "Hit@5": 0.09,
      "Hit@10": 0.145,
      "Hit@20": 0.2,
      "MRR": 0.04320081511625629,
      "n_samples": 200,
      "time_sec": 7.61
    },
    "5-hop": {
      "Hit@1": 0.0,
      "Hit@5": 0.08,
      "Hit@10": 0.115,
      "Hit@20": 0.165,
      "MRR": 0.03675456692000809,
      "n_samples": 200,
      "time_sec": 7.48
    },
    "6+-hop": {
      "Hit@1": 0.0,
      "Hit@5": 0.061224489795918366,
      "Hit@10": 0.10884353741496598,
      "Hit@20": 0.14965986394557823,
      "MRR": 0.031326971347979744,
      "n_samples": 147,
      "time_sec": 5.84
    }
  },
  "beam_bw10_h3": {
    "1-hop": {
      "Hit@1": 0.3,
      "Hit@5": 0.41,
      "Hit@10": 0.495,
      "Hit@20": 0.61,
      "MRR": 0.36287886732720326,
      "n_samples": 200,
      "time_sec": 9.06
    },
    "2-hop": {
      "Hit@1": 0.0,
      "Hit@5": 0.19,
      "Hit@10": 0.275,
      "Hit@20": 0.355,
      "MRR": 0.08617123970800442,
      "n_samples": 200,
      "time_sec": 9.94
    },
    "3-hop": {
      "Hit@1": 0.0,
      "Hit@5": 0.07,
      "Hit@10": 0.11,
      "Hit@20": 0.21,
      "MRR": 0.03178999603767405,
      "n_samples": 200,
      "time_sec": 9.14
    },
    "4-hop": {
      "Hit@1": 0.0,
      "Hit@5": 0.085,
      "Hit@10": 0.15,
      "Hit@20": 0.205,
      "MRR": 0.04389082597828728,
      "n_samples": 200,
      "time_sec": 8.88
    },
    "5-hop": {
      "Hit@1": 0.0,
      "Hit@5": 0.07,
      "Hit@10": 0.12,
      "Hit@20": 0.165,
      "MRR": 0.03643167943167943,
      "n_samples": 200,
      "time_sec": 9.22
    },
    "6+-hop": {
      "Hit@1": 0.0,
      "Hit@5": 0.061224489795918366,
      "Hit@10": 0.10204081632653061,
      "Hit@20": 0.1292517006802721,
      "MRR": 0.02933496964109209,
      "n_samples": 147,
      "time_sec": 6.97
    }
  },
  "beam_bw20_h3": {
    "1-hop": {
      "Hit@1": 0.3,
      "Hit@5": 0.41,
      "Hit@10": 0.48,
      "Hit@20": 0.565,
      "MRR": 0.3586478952978565,
      "n_samples": 200,
      "time_sec": 9.54
    },
    "2-hop": {
      "Hit@1": 0.0,
      "Hit@5": 0.2,
      "Hit@10": 0.285,
      "Hit@20": 0.36,
      "MRR": 0.0874319862069475,
      "n_samples": 200,
      "time_sec": 10.17
    },
    "3-hop": {
      "Hit@1": 0.0,
      "Hit@5": 0.07,
      "Hit@10": 0.125,
      "Hit@20": 0.19,
      "MRR": 0.031086357356094198,
      "n_samples": 200,
      "time_sec": 9.83
    },
    "4-hop": {
      "Hit@1": 0.0,
      "Hit@5": 0.085,
      "Hit@10": 0.16,
      "Hit@20": 0.2,
      "MRR": 0.04429145802597815,
      "n_samples": 200,