{
  "0.5": {
    "1-hop": {
      "Hit@1": 0.3,
      "Hit@5": 0.645,
      "Hit@10": 0.765,
      "MRR": 0.44859722222222215,
      "n": 200,
      "pct_focused": 0.97,
      "pct_broad": 0.03
    },
    "2-hop": {
      "Hit@1": 0.0,
      "Hit@5": 0.005,
      "Hit@10": 0.005,
      "MRR": 0.0016666666666666666,
      "n": 200,
      "pct_focused": 0.965,
      "pct_broad": 0.035
    },
    "3-hop": {
      "Hit@1": 0.0,
      "Hit@5": 0.01,
      "Hit@10": 0.01,
      "MRR": 0.0022500000000000003,
      "n": 200,
      "pct_focused": 0.95,
      "pct_broad": 0.05
    },
    "4-hop": {
      "Hit@1": 0.0,
      "Hit@5": 0.005,
      "Hit@10": 0.01,
      "MRR": 0.0025,
      "n": 200,
      "pct_focused": 0.945,
      "pct_broad": 0.055
    },
    "5-hop": {
      "Hit@1": 0.0,
      "Hit@5": 0.005,
      "Hit@10": 0.015,
      "MRR": 0.003833333333333333,
      "n": 200,
      "pct_focused": 0.91,
      "pct_broad": 0.09
    },
    "6+-hop": {
      "Hit@1": 0.0,
      "Hit@5": 0.006802721088435374,
      "Hit@10": 0.006802721088435374,
      "MRR": 0.0017006802721088435,
      "n": 147,
      "pct_focused": 0.891156462585034,
      "pct_broad": 0.10884353741496598
    }
  },
  "1.0": {
    "1-hop": {
      "Hit@1": 0.3,
      "Hit@5": 0.605,
      "Hit@10": 0.72,
      "MRR": 0.43154365079365076,
      "n": 200,
      "pct_focused": 0.81,
      "pct_broad": 0.19
    },
    "2-hop": {
      "Hit@1": 0.0,
      "Hit@5": 0.035,
      "Hit@10": 0.075,
      "MRR": 0.01963095238095238,
      "n": 200,
      "pct_focused": 0.705,
      "pct_broad": 0.295
    },
    "3-hop": {
      "Hit@1": 0.0,
      "Hit@5": 0.025,
      "Hit@10": 0.045,
      "MRR": 0.008305555555555556,
      "n": 200,
      "pct_focused": 0.7,
      "pct_broad": 0.3
    },
    "4-hop": {
      "Hit@1": 0.0,
      "Hit@5": 0.015,
      "Hit@10": 0.04,
      "MRR": 0.00939484126984127,
      "n": 200,
      "pct_focused": 0.675,
      "pct_broad": 0.325
    },
    "5-hop": {
      "Hit@1": 0.0,
      "Hit@5": 0.03,
      "Hit@10": 0.06,
      "MRR": 0.012777777777777777,
      "n": 200,
      "pct_focused": 0.685,
      "pct_broad": 0.315
    },
    "6+-hop": {
      "Hit@1": 0.0,
      "Hit@5": 0.013605442176870748,
      "Hit@10": 0.027210884353741496,
      "MRR": 0.005668934240362811,
      "n": 147,
      "pct_focused": 0.6394557823129252,
      "pct_broad": 0.36054421768707484
    }
  },
  "1.5": {
    "1-hop": {
      "Hit@1": 0.3,
      "Hit@5": 0.535,
      "Hit@10": 0.66,
      "MRR": 0.40782142857142856,
      "n": 200,
      "pct_focused": 0.495,
      "pct_broad": 0.505
    },
    "2-hop": {
      "Hit@1": 0.0,
      "Hit@5": 0.125,
      "Hit@10": 0.18,
      "MRR": 0.05181746031746032,
      "n": 200,
      "pct_focused": 0.32,
      "pct_broad": 0.68
    },
    "3-hop": {
      "Hit@1": 0.0,
      "Hit@5": 0.035,
      "Hit@10": 0.075,
      "MRR": 0.01486706349206349,
      "n": 200,
      "pct_focused": 0.295,
      "pct_broad": 0.705
    },
    "4-hop": {
      "Hit@1": 0.0,
      "Hit@5": 0.035,
      "Hit@10": 0.09,
      "MRR": 0.017706349206349205,
      "n": 200,
      "pct_focused": 0.35,
      "pct_broad": 0.65
    },
    "5-hop": {
      "Hit@1": 0.0,
      "Hit@5": 0.07,
      "Hit@10": 0.12,
      "MRR": 0.030486111111111106,
      "n": 200,
      "pct_focused": 0.305,
      "pct_broad": 0.695
    },
    "6+-hop": {
      "Hit@1": 0.0,
      "Hit@5": 0.02040816326530612,
      "Hit@10": 0.061224489795918366,
      "MRR": 0.010741280639239823,
      "n": 147,
      "pct_focused": 0.2925170068027211,
      "pct_broad": 0.7074829931972789
    }
  },
  "2.0": {
    "1-hop": {
      "Hit@1": 0.3,
      "Hit@5": 0.48,
      "Hit@10": 0.565,
      "MRR": 0.3833035714285714,
      "n": 200,
      "pct_focused": 0.27,
      "pct_broad": 0.73
    },
    "2-hop": {
      "Hit@1": 0.0,
      "Hit@5": 0.155,
      "Hit@10": 0.23,
      "MRR": 0.06607341269841269,
      "n": 200,
      "pct_focused": 0.125,
      "pct_broad": 0.875
    },
    "3-hop": {
      "Hit@1": 0.0,
      "Hit@5": 0.05,
      "Hit@10": 0.105,
      "MRR": 0.021575396825396824,
      "n": 200,
      "pct_focused": 0.1,
      "pct_broad": 0.9
    },
    "4-hop": {
      "Hit@1": 0.0,
      "Hit@5": 0.075,
      "Hit@10": 0.135,
      "MRR": 0.034998015873015875,
      "n": 200,
      "pct_focused": 0.145,
      "pct_broad": 0.855
    },
    "5-hop": {
      "Hit@1": 0.0,
      "Hit@5": 0.08,
      "Hit@10": 0.15,
      "MRR": 0.0371031746031746,
      "n": 200,
      "pct_focused": 0.1,
      "pct_broad": 0.9
    },
    "6+-hop": {
      "Hit@1": 0.0,
      "Hit@5": 0.047619047619047616,
      "Hit@10": 0.10204081632653061,
      "MRR": 0.022427383651873446,
      "n": 147,
      "pct_focused": 0.08843537414965986,
      "pct_broad": 0.9115646258503401
    }
  }
}