{
  "dataset": "prime",
  "beam_width": 10,
  "max_hops": 4,
  "results": {
    "1-hop": {
      "Hit@1": 0.04829914307971955,
      "Hit@5": 0.14359906517787588,
      "Hit@10": 0.19787068293949622,
      "MRR": 0.09150591683050785,
      "n": 3851,
      "time_s": 1888.0
    },
    "2-hop": {
      "Hit@1": 0.02135712354690457,
      "Hit@5": 0.08461746417950798,
      "Hit@10": 0.14138956474722897,
      "MRR": 0.05054551423164562,
      "n": 3699,
      "time_s": 2365.5
    },
    "3-hop": {
      "Hit@1": 0.01595987232102143,
      "Hit@5": 0.07159142726858185,
      "Hit@10": 0.16051071591427268,
      "MRR": 0.044331169160170526,
      "n": 2193,
      "time_s": 1192.7
    },
    "4-hop": {
      "Hit@1": 0.059940059940059943,
      "Hit@5": 0.15284715284715283,
      "Hit@10": 0.18981018981018982,
      "MRR": 0.09686543615115042,
      "n": 1001,
      "time_s": 370.9
    },
    "5-hop": {
      "Hit@1": 0.0,
      "Hit@5": 0.0,
      "Hit@10": 0.0,
      "MRR": 0.0,
      "n": 313,
      "time_s": 74.6
    },
    "6+-hop": {
      "Hit@1": 0.0,
      "Hit@5": 0.0,
      "Hit@10": 0.0,
      "MRR": 0.0,
      "n": 147,
      "time_s": 16.9
    }
  }
}