{
  "models": {
    "model1_M_index_perbin_delta": [
      0.04622741768067499,
      0.013497972969500985,
      0.005339901849389606,
      0.018500270809034165,
      0.022587946734703216,
      0.013730645561062889
    ],
    "model2_M_dh_fixed_delta": [
      0.6370317134143249,
      0.19277478939613946,
      0.03453716646739746,
      0.004413990236894047,
      0.0004468822742528206,
      3.811757781262955e-05
    ],
    "model3_M_dh_perbin_delta": [
      0.6370317134143249,
      0.08237628069822259,
      0.0035753899153497296,
      0.0012413846828395942,
      0.0001328425616541283,
      3.6217536874425015e-06
    ]
  },
  "empirical_node_hit1": [
    0.2370812775902363,
    0.0,
    0.0,
    0.0,
    0.0,
    0.0
  ],
  "empirical_avg_hit1": [
    0.2236432095559595,
    0.005001351716680184,
    0.0031919744642042863,
    0.004495504495504496,
    0.003194888178913738,
    0.003401360544217687
  ],
  "delta_per_bin": {
    "1-hop": {
      "delta_raw": 0.2929599571455712,
      "delta_normalized": 2.7028956783347624,
      "gold_mean": 0.49147429053389696,
      "noise_mean": 0.19851433338832575,
      "noise_std": 0.10838744517363766,
      "n_gold": 545,
      "n_noise": 10000
    },
    "2-hop": {
      "delta_raw": 0.23874448549926544,
      "delta_normalized": 2.1597113224097018,
      "gold_mean": 0.4528652076135602,
      "noise_mean": 0.21412072211429475,
      "noise_std": 0.11054462835935214,
      "n_gold": 570,
      "n_noise": 10000
    },
    "3-hop": {
      "delta_raw": 0.19629777883861646,
      "delta_normalized": 1.8095659460475517,
      "gold_mean": 0.4056125534559364,
      "noise_mean": 0.20931477461731993,
      "noise_std": 0.10847782545166118,
      "n_gold": 469,
      "n_noise": 10000
    },
    "4-hop": {
      "delta_raw": 0.23896209557119427,
      "delta_normalized": 2.2888273651427418,
      "gold_mean": 0.4361199633601834,
      "noise_mean": 0.1971578677889891,
      "noise_std": 0.10440372184045933,
      "n_gold": 408,
      "n_noise": 10000
    },
    "5-hop": {
      "delta_raw": 0.24564437620624682,
      "delta_normalized": 2.373767355104068,
      "gold_mean": 0.43846668830359137,
      "noise_mean": 0.19282231209734454,
      "noise_std": 0.10348291953634924,
      "n_gold": 308,
      "n_noise": 10000
    },
    "6+-hop": {
      "delta_raw": 0.2164940448577332,
      "delta_normalized": 2.166564160016773,
      "gold_mean": 0.42465829022583507,
      "noise_mean": 0.20816424536810188,
      "noise_std": 0.09992505592636461,
      "n_gold": 210,
      "n_noise": 7350
    }
  }
}